Type, Name, Parent name, Mass, Age
Galaxy,Milky Way,,819999997952.000000,
Galaxy,Andromeda,,1759999950848.000000,
Planet,Earth,Sun,5969999912619192365350912.000000,
Planet,Jupiter,Sun,1897999959991329554058706944.000000,
Solar System,Solar System,Milky Way,,4600000000.000000
Star,Sun,Solar System,1989000014062258928892726214656.000000,
Star,Sirius A,Milky Way,2063000025753872350791606468608.000000,
Stellar Nebula,Eagle Nebula,Andromeda,2499999983453953127677876594064490496.000000,
